Northumberland,North East
Tyne and Wear,North East
County Durham,North East
North Yorkshire,Yorkshire and the Humber
East Riding of Yorkshire,Yorkshire and the Humber
South Yorkshire,Yorkshire and the Humber
West Yorkshire,Yorkshire and the Humber
Lancashire,North West
Greater Manchester,North West
Merseyside,North West
Cumbria,North West
Cheshire,North West
Herefordshire,West Midlands
Shropshire,West Midlands
Staffordshire,West Midlands
West Midlands,West Midlands
Worcestershire,West Midlands
Warwickshire,West Midlands
Nottinghamshire,East Midlands
Lincolnshire,East Midlands
Leicestershire,East Midlands
Rutland,East Midlands
Northamptonshire,East Midlands
Derbyshire,East Midlands
Cambridgeshire,East of England
Norfolk,East of England
Suffolk,East of England
Essex,East of England
Hertfordshire,East of England
Bedfordshire,East of England
Buckinghamshire,South East
Berkshire,South East
Surrey,South East
West Sussex,South East
Kent,South East
East Sussex,South East
Hampshire,South East
Oxfordshire,South East
Isle of Wight,South East
Gloucestershire,South West
Wiltshire,South West
Somerset,South West
Bristol,South West
Dorset,South West
Devon,South West
Cornwall,South West
City of London,London
Greater London,London
Gwynedd,Wales
Clwyd,Wales
Powys,Wales
Dyfed,Wales
West Glamorgan,Wales
Mid Glamorgan,Wales
South Glamorgan,Wales
Gwent,Wales
County Armagh,Northern Ireland
County Down,Northern Ireland
County Antrim,Northern Ireland
County Londonderry,Northern Ireland
County Tyrone,Northern Ireland
County Fermanagh,Northern Ireland
Aberdeenshire,Scotland
Aberdeen City,Scotland
Angus,Scotland
Argyll and Bute,Scotland
City of Edinburgh,Scotland
Clackmannanshire,Scotland
Dumfries and Galloway,Scotland
Dundee City,Scotland
East Ayrshire,Scotland
East Dunbartonshire,Scotland
East Lothian,Scotland
East Renfrewshire,Scotland
Falkirk,Scotland
Fife,Scotland
Glasgow City,Scotland
Highland,Scotland
Inverclyde,Scotland
Midlothian,Scotland
Moray,Scotland
Outer Hebrides,Scotland
North Ayrshire,Scotland
North Lanarkshire,Scotland
Orkney Islands,Scotland
Perth and Kinross,Scotland
Renfrewshire,Scotland
Scottish Borders,Scotland
Shetland Islands,Scotland
South Ayrshire,Scotland
South Lanarkshire,Scotland
Stirling,Scotland
West Dunbartonshire,Scotland
West Lothian,Scotland
